Country,communicating_low_to_high_context,evaluating_direct_to_indirect,persuading_principles_to_applications,leading_egalitarian_to_hierarchical,deciding_consensual_to_topdown,trusting_task_to_relationship,disagreeing_confrontational_to_avoids,scheduling_linear_to_flexible
United States,2,3,5,3,5,2,4,2
Brazil,5,5,4,5,4,6,5,5
Japan,6,6,4,6,5,5,6,4
Germany,3,2,3,3,3,2,3,2
France,4,3,2,4,4,3,3,3
India,5,5,4,5,5,4,5,5
China,6,6,4,6,5,5,6,4
Mexico,5,5,4,5,5,5,5,5
Netherlands,2,2,4,2,3,2,3,2
Russia,4,3,3,5,5,4,4,4
